{
    "social_support": {
        "accuracy": 0.6607294317217981,
        "precision": 0.6607294317217981,
        "recall": 0.6607294317217981,
        "f1": 0.6607294317217981,
        "hamming_loss": 0.33927056827820185
    },
    "conflict": {
        "accuracy": 0.64715860899067,
        "precision": 0.64715860899067,
        "recall": 0.64715860899067,
        "f1": 0.64715860899067,
        "hamming_loss": 0.35284139100932993
    },
    "trust": {
        "accuracy": 0.7981340118744699,
        "precision": 0.7981340118744699,
        "recall": 0.7981340118744699,
        "f1": 0.7981340118744699,
        "hamming_loss": 0.2018659881255301
    },
    "fun": {
        "accuracy": 0.9253604749787956,
        "precision": 0.9253604749787956,
        "recall": 0.9253604749787956,
        "f1": 0.9253604749787956,
        "hamming_loss": 0.07463952502120441
    },
    "similarity": {
        "accuracy": 0.7752332485156913,
        "precision": 0.7752332485156913,
        "recall": 0.7752332485156913,
        "f1": 0.7752332485156913,
        "hamming_loss": 0.22476675148430875
    },
    "identity": {
        "accuracy": 0.833757421543681,
        "precision": 0.833757421543681,
        "recall": 0.833757421543681,
        "f1": 0.833757421543681,
        "hamming_loss": 0.1662425784563189
    },
    "respect": {
        "accuracy": 0.7370653095843935,
        "precision": 0.7370653095843935,
        "recall": 0.7370653095843935,
        "f1": 0.7370653095843935,
        "hamming_loss": 0.26293469041560646
    },
    "romance": {
        "accuracy": 0.9329940627650551,
        "precision": 0.9329940627650551,
        "recall": 0.9329940627650551,
        "f1": 0.9329940627650551,
        "hamming_loss": 0.06700593723494487
    },
    "knowledge": {
        "accuracy": 0.6463104325699746,
        "precision": 0.6463104325699746,
        "recall": 0.6463104325699746,
        "f1": 0.6463104325699746,
        "hamming_loss": 0.35368956743002544
    },
    "power": {
        "accuracy": 0.8931297709923665,
        "precision": 0.8931297709923665,
        "recall": 0.8931297709923665,
        "f1": 0.8931297709923665,
        "hamming_loss": 0.10687022900763359
    }
}