{
    "social_support": {
        "accuracy": 0.68968809675366,
        "precision": 0.68968809675366,
        "recall": 0.68968809675366,
        "f1": 0.68968809675366,
        "hamming_loss": 0.3103119032463399
    },
    "conflict": {
        "accuracy": 0.6966900063653724,
        "precision": 0.6966900063653724,
        "recall": 0.6966900063653724,
        "f1": 0.6966900063653724,
        "hamming_loss": 0.30330999363462763
    },
    "trust": {
        "accuracy": 0.8077657542966263,
        "precision": 0.8077657542966263,
        "recall": 0.8077657542966263,
        "f1": 0.8077657542966263,
        "hamming_loss": 0.19223424570337364
    },
    "fun": {
        "accuracy": 0.9194780394653087,
        "precision": 0.9194780394653087,
        "recall": 0.9194780394653087,
        "f1": 0.9194780394653087,
        "hamming_loss": 0.08052196053469128
    },
    "similarity": {
        "accuracy": 0.8462762571610439,
        "precision": 0.8462762571610439,
        "recall": 0.8462762571610439,
        "f1": 0.8462762571610439,
        "hamming_loss": 0.15372374283895607
    },
    "identity": {
        "accuracy": 0.8227243793761935,
        "precision": 0.8227243793761935,
        "recall": 0.8227243793761935,
        "f1": 0.8227243793761935,
        "hamming_loss": 0.1772756206238065
    },
    "respect": {
        "accuracy": 0.7329726288987906,
        "precision": 0.7329726288987906,
        "recall": 0.7329726288987906,
        "f1": 0.7329726288987906,
        "hamming_loss": 0.26702737110120944
    },
    "romance": {
        "accuracy": 0.9271164863144494,
        "precision": 0.9271164863144494,
        "recall": 0.9271164863144494,
        "f1": 0.9271164863144494,
        "hamming_loss": 0.0728835136855506
    },
    "knowledge": {
        "accuracy": 0.6521323997453851,
        "precision": 0.6521323997453851,
        "recall": 0.6521323997453851,
        "f1": 0.6521323997453851,
        "hamming_loss": 0.3478676002546149
    },
    "power": {
        "accuracy": 0.9003819223424571,
        "precision": 0.9003819223424571,
        "recall": 0.9003819223424571,
        "f1": 0.9003819223424571,
        "hamming_loss": 0.09961807765754296
    }
}