{
    "social_support": {
        "accuracy": 0.6429177268871925,
        "precision": 0.6429177268871925,
        "recall": 0.6429177268871925,
        "f1": 0.6429177268871925,
        "hamming_loss": 0.3570822731128075
    },
    "conflict": {
        "accuracy": 0.6683630195080577,
        "precision": 0.6683630195080577,
        "recall": 0.6683630195080577,
        "f1": 0.6683630195080577,
        "hamming_loss": 0.33163698049194235
    },
    "trust": {
        "accuracy": 0.8057675996607294,
        "precision": 0.8057675996607294,
        "recall": 0.8057675996607294,
        "f1": 0.8057675996607294,
        "hamming_loss": 0.19423240033927056
    },
    "fun": {
        "accuracy": 0.917726887192536,
        "precision": 0.917726887192536,
        "recall": 0.917726887192536,
        "f1": 0.917726887192536,
        "hamming_loss": 0.08227311280746395
    },
    "similarity": {
        "accuracy": 0.8515691263782866,
        "precision": 0.8515691263782866,
        "recall": 0.8515691263782866,
        "f1": 0.8515691263782866,
        "hamming_loss": 0.1484308736217133
    },
    "identity": {
        "accuracy": 0.8447837150127226,
        "precision": 0.8447837150127226,
        "recall": 0.8447837150127226,
        "f1": 0.8447837150127226,
        "hamming_loss": 0.15521628498727735
    },
    "respect": {
        "accuracy": 0.7463952502120441,
        "precision": 0.7463952502120441,
        "recall": 0.7463952502120441,
        "f1": 0.7463952502120441,
        "hamming_loss": 0.2536047497879559
    },
    "romance": {
        "accuracy": 0.9363867684478372,
        "precision": 0.9363867684478372,
        "recall": 0.9363867684478372,
        "f1": 0.9363867684478372,
        "hamming_loss": 0.06361323155216285
    },
    "knowledge": {
        "accuracy": 0.6802374893977947,
        "precision": 0.6802374893977947,
        "recall": 0.6802374893977947,
        "f1": 0.6802374893977947,
        "hamming_loss": 0.3197625106022053
    },
    "power": {
        "accuracy": 0.9024597116200169,
        "precision": 0.9024597116200169,
        "recall": 0.9024597116200169,
        "f1": 0.9024597116200169,
        "hamming_loss": 0.09754028837998303
    }
}