{
    "social_support": {
        "accuracy": 0.6734520780322307,
        "precision": 0.6734520780322307,
        "recall": 0.6734520780322307,
        "f1": 0.6734520780322307,
        "hamming_loss": 0.3265479219677693
    },
    "conflict": {
        "accuracy": 0.6929601357082273,
        "precision": 0.6929601357082273,
        "recall": 0.6929601357082273,
        "f1": 0.6929601357082273,
        "hamming_loss": 0.3070398642917727
    },
    "trust": {
        "accuracy": 0.8015267175572519,
        "precision": 0.8015267175572519,
        "recall": 0.8015267175572519,
        "f1": 0.8015267175572519,
        "hamming_loss": 0.1984732824427481
    },
    "fun": {
        "accuracy": 0.9202714164546225,
        "precision": 0.9202714164546225,
        "recall": 0.9202714164546225,
        "f1": 0.9202714164546225,
        "hamming_loss": 0.07972858354537744
    },
    "similarity": {
        "accuracy": 0.8396946564885496,
        "precision": 0.8396946564885496,
        "recall": 0.8396946564885496,
        "f1": 0.8396946564885496,
        "hamming_loss": 0.16030534351145037
    },
    "identity": {
        "accuracy": 0.8396946564885496,
        "precision": 0.8396946564885496,
        "recall": 0.8396946564885496,
        "f1": 0.8396946564885496,
        "hamming_loss": 0.16030534351145037
    },
    "respect": {
        "accuracy": 0.7557251908396947,
        "precision": 0.7557251908396947,
        "recall": 0.7557251908396947,
        "f1": 0.7557251908396947,
        "hamming_loss": 0.24427480916030533
    },
    "romance": {
        "accuracy": 0.9355385920271416,
        "precision": 0.9355385920271416,
        "recall": 0.9355385920271416,
        "f1": 0.9355385920271416,
        "hamming_loss": 0.06446140797285835
    },
    "knowledge": {
        "accuracy": 0.6573367260390162,
        "precision": 0.6573367260390162,
        "recall": 0.6573367260390162,
        "f1": 0.6573367260390162,
        "hamming_loss": 0.3426632739609839
    },
    "power": {
        "accuracy": 0.8999151823579304,
        "precision": 0.8999151823579304,
        "recall": 0.8999151823579304,
        "f1": 0.8999151823579304,
        "hamming_loss": 0.10008481764206956
    }
}