{
    "Computer Science": {
        "accuracy": 0.8693579148124603,
        "precision": 0.8693579148124603,
        "recall": 0.8693579148124603,
        "f1": 0.8693579148124603,
        "hamming_loss": 0.13064208518753972
    },
    "Physics": {
        "accuracy": 0.9453273998728544,
        "precision": 0.9453273998728544,
        "recall": 0.9453273998728544,
        "f1": 0.9453273998728544,
        "hamming_loss": 0.05467260012714558
    },
    "Mathematics": {
        "accuracy": 0.9116338207247299,
        "precision": 0.9116338207247299,
        "recall": 0.9116338207247299,
        "f1": 0.9116338207247299,
        "hamming_loss": 0.08836617927527018
    },
    "Statistics": {
        "accuracy": 0.8995549904640814,
        "precision": 0.8995549904640814,
        "recall": 0.8995549904640814,
        "f1": 0.8995549904640814,
        "hamming_loss": 0.10044500953591863
    },
    "Quantitative Biology": {
        "accuracy": 0.9790209790209791,
        "precision": 0.9790209790209791,
        "recall": 0.9790209790209791,
        "f1": 0.9790209790209791,
        "hamming_loss": 0.02097902097902098
    },
    "Quantitative Finance": {
        "accuracy": 0.9942784488239034,
        "precision": 0.9942784488239034,
        "recall": 0.9942784488239034,
        "f1": 0.9942784488239034,
        "hamming_loss": 0.00572155117609663
    }
}