{
    "social_support": {
        "accuracy": 0.6709075487701441,
        "precision": 0.6709075487701441,
        "recall": 0.6709075487701441,
        "f1": 0.6709075487701441,
        "hamming_loss": 0.3290924512298558
    },
    "conflict": {
        "accuracy": 0.6344359626802375,
        "precision": 0.6344359626802375,
        "recall": 0.6344359626802375,
        "f1": 0.6344359626802375,
        "hamming_loss": 0.3655640373197625
    },
    "trust": {
        "accuracy": 0.8083121289228159,
        "precision": 0.8083121289228159,
        "recall": 0.8083121289228159,
        "f1": 0.8083121289228159,
        "hamming_loss": 0.19168787107718405
    },
    "fun": {
        "accuracy": 0.9219677692960135,
        "precision": 0.9219677692960135,
        "recall": 0.9219677692960135,
        "f1": 0.9219677692960135,
        "hamming_loss": 0.07803223070398643
    },
    "similarity": {
        "accuracy": 0.8507209499575912,
        "precision": 0.8507209499575912,
        "recall": 0.8507209499575912,
        "f1": 0.8507209499575912,
        "hamming_loss": 0.14927905004240882
    },
    "identity": {
        "accuracy": 0.8447837150127226,
        "precision": 0.8447837150127226,
        "recall": 0.8447837150127226,
        "f1": 0.8447837150127226,
        "hamming_loss": 0.15521628498727735
    },
    "respect": {
        "accuracy": 0.7472434266327396,
        "precision": 0.7472434266327396,
        "recall": 0.7472434266327396,
        "f1": 0.7472434266327396,
        "hamming_loss": 0.2527565733672604
    },
    "romance": {
        "accuracy": 0.9380831212892281,
        "precision": 0.9380831212892281,
        "recall": 0.9380831212892281,
        "f1": 0.9380831212892281,
        "hamming_loss": 0.06191687871077184
    },
    "knowledge": {
        "accuracy": 0.6963528413910093,
        "precision": 0.6963528413910093,
        "recall": 0.6963528413910093,
        "f1": 0.6963528413910093,
        "hamming_loss": 0.30364715860899066
    },
    "power": {
        "accuracy": 0.9024597116200169,
        "precision": 0.9024597116200169,
        "recall": 0.9024597116200169,
        "f1": 0.9024597116200169,
        "hamming_loss": 0.09754028837998303
    }
}