{
    "Computer Science": {
        "accuracy": 0.8677685950413223,
        "precision": 0.8677685950413223,
        "recall": 0.8677685950413223,
        "f1": 0.8677685950413223,
        "hamming_loss": 0.1322314049586777
    },
    "Physics": {
        "accuracy": 0.9431023521932613,
        "precision": 0.9431023521932613,
        "recall": 0.9431023521932613,
        "f1": 0.9431023521932613,
        "hamming_loss": 0.05689764780673871
    },
    "Mathematics": {
        "accuracy": 0.9148124602670057,
        "precision": 0.9148124602670057,
        "recall": 0.9148124602670057,
        "f1": 0.9148124602670057,
        "hamming_loss": 0.08518753973299428
    },
    "Statistics": {
        "accuracy": 0.9043229497774953,
        "precision": 0.9043229497774953,
        "recall": 0.9043229497774953,
        "f1": 0.9043229497774953,
        "hamming_loss": 0.09567705022250476
    },
    "Quantitative Biology": {
        "accuracy": 0.9799745708836618,
        "precision": 0.9799745708836618,
        "recall": 0.9799745708836618,
        "f1": 0.9799745708836618,
        "hamming_loss": 0.020025429116338207
    },
    "Quantitative Finance": {
        "accuracy": 0.993006993006993,
        "precision": 0.993006993006993,
        "recall": 0.993006993006993,
        "f1": 0.993006993006993,
        "hamming_loss": 0.006993006993006993
    }
}