{
    "Computer Science": {
        "accuracy": 0.8493324856961221,
        "precision": 0.8493324856961221,
        "recall": 0.8493324856961221,
        "f1": 0.8493324856961221,
        "hamming_loss": 0.15066751430387795
    },
    "Physics": {
        "accuracy": 0.9221233312142403,
        "precision": 0.9221233312142403,
        "recall": 0.9221233312142403,
        "f1": 0.9221233312142403,
        "hamming_loss": 0.07787666878575969
    },
    "Mathematics": {
        "accuracy": 0.8973299427844882,
        "precision": 0.8973299427844882,
        "recall": 0.8973299427844882,
        "f1": 0.8973299427844882,
        "hamming_loss": 0.10267005721551176
    },
    "Statistics": {
        "accuracy": 0.8750794659885569,
        "precision": 0.8750794659885569,
        "recall": 0.8750794659885569,
        "f1": 0.8750794659885569,
        "hamming_loss": 0.1249205340114431
    },
    "Quantitative Biology": {
        "accuracy": 0.9755244755244755,
        "precision": 0.9755244755244755,
        "recall": 0.9755244755244755,
        "f1": 0.9755244755244755,
        "hamming_loss": 0.024475524475524476
    },
    "Quantitative Finance": {
        "accuracy": 0.9914176732358551,
        "precision": 0.9914176732358551,
        "recall": 0.9914176732358551,
        "f1": 0.9914176732358551,
        "hamming_loss": 0.008582326764144946
    }
}